ChemicalName,ChemicalID,CasRN,GeneSymbol,GeneID,GeneForms,Organism,OrganismID,Interaction,InteractionActions,PubMedIDs
10074-G5,C534883,,MAX,4149,protein,,,10074-G5 affects the folding of and results in decreased activity of [MYC protein binds to MAX protein],affects^binding|affects^folding|decreases^activity,26474287
10074-G5,C534883,,MAX,4149,protein,,,10074-G5 inhibits the reaction [MYC protein binds to MAX protein],affects^binding|decreases^reaction,26474287
10074-G5,C534883,,MYC,4609,protein,Homo sapiens,9606,10074-G5 analog results in decreased expression of MYC protein,decreases^expression,26036281
10074-G5,C534883,,MYC,4609,protein,Homo sapiens,9606,10074-G5 results in decreased activity of MYC protein,decreases^activity,25716159
10074-G5,C534883,,MYC,4609,protein,Homo sapiens,9606,10074-G5 results in decreased expression of MYC protein,decreases^expression,26036281
10074-G5,C534883,,MYC,4609,protein,,,10074-G5 affects the folding of and results in decreased activity of [MYC protein binds to MAX protein],affects^binding|affects^folding|decreases^activity,26474287
10074-G5,C534883,,MYC,4609,protein,,,10074-G5 inhibits the reaction [MYC protein binds to MAX protein],affects^binding|decreases^reaction,26474287
"10,10-bis(4-pyridinylmethyl)-9(10H)-anthracenone",C112297,,FOS,2353,protein,Mus musculus,10090,"10,10-bis(4-pyridinylmethyl)-9(10H)-anthracenone inhibits the reaction [Valproic Acid inhibits the reaction [Kainic Acid results in increased expression of FOS protein]]",decreases^reaction|increases^expression,26348896
"10,10-bis(4-pyridinylmethyl)-9(10H)-anthracenone",C112297,,KCNQ1,3784,protein,,,"10,10-bis(4-pyridinylmethyl)-9(10H)-anthracenone results in decreased activity of KCNQ1 protein",decreases^activity,18568022
"10,10-bis(4-pyridinylmethyl)-9(10H)-anthracenone",C112297,,KCNQ2,3785,protein,Mus musculus,10090,"10,10-bis(4-pyridinylmethyl)-9(10H)-anthracenone affects the reaction [[Potassium results in increased activity of KCNQ2 protein] which results in increased import of Thallium]",affects^reaction|increases^activity|increases^import,15634793
"10,10-bis(4-pyridinylmethyl)-9(10H)-anthracenone",C112297,,KCNQ2,3785,protein,,,"10,10-bis(4-pyridinylmethyl)-9(10H)-anthracenone inhibits the reaction [[KCNQ2 protein binds to KCNQ3 protein] which results in increased transport of Thallium]",affects^binding|decreases^reaction|increases^transport,20208034
"10,10-bis(4-pyridinylmethyl)-9(10H)-anthracenone",C112297,,KCNQ3,3786,protein,,,"10,10-bis(4-pyridinylmethyl)-9(10H)-anthracenone inhibits the reaction [[KCNQ2 protein binds to KCNQ3 protein] which results in increased transport of Thallium]",affects^binding|decreases^reaction|increases^transport,20208034
"10,11-dihydro-10,11-dihydroxy-5H-dibenzazepine-5-carboxamide",C004822,35079-97-1,EPHX1,2052,gene,Homo sapiens,9606,"[EPHX1 gene SNP affects the metabolism of carbamazepine epoxide] which affects the chemical synthesis of 10,11-dihydro-10,11-dihydroxy-5H-dibenzazepine-5-carboxamide",affects^chemical synthesis|affects^metabolic processing,15692831
"10,11-dihydro-10,11-dihydroxy-5H-dibenzazepine-5-carboxamide",C004822,35079-97-1,EPHX1,2052,protein,Homo sapiens,9606,"[EPHX1 protein results in increased metabolism of carbamazepine epoxide] which results in increased chemical synthesis of 10,11-dihydro-10,11-dihydroxy-5H-dibenzazepine-5-carboxamide",increases^chemical synthesis|increases^metabolic processing,15692831
"10,11-dihydro-10-hydroxycarbamazepine",C039775,,ABCB1,5243,protein,Homo sapiens,9606,"ABCB1 protein results in increased transport of 10,11-dihydro-10-hydroxycarbamazepine",increases^transport,16190932
"10,11-dihydro-10-hydroxycarbamazepine",C039775,,CYP2C19,1557,protein,,,"10,11-dihydro-10-hydroxycarbamazepine results in decreased activity of CYP2C19 protein",decreases^activity,17516704
"10,11-dihydro-5H-dibenzo(a,d)cycloheptene",C515697,,AR,367,protein,Rattus norvegicus,10116,"10,11-dihydro-5H-dibenzo(a,d)cycloheptene analog inhibits the reaction [Metribolone binds to AR protein]",affects^binding|decreases^reaction,3695475
"10,11-dihydro-5H-dibenzo(a,d)cycloheptene",C515697,,AR,367,protein,Rattus norvegicus,10116,"10,11-dihydro-5H-dibenzo(a,d)cycloheptene inhibits the reaction [Metribolone binds to AR protein]",affects^binding|decreases^reaction,3695475
"10-(2-(5H-(1,2,4)triazino(5,6-b)indol-3-ylthio)butanoyl)-10H-phenothiazine",C573921,,SIRT1,23411,protein,,,"10-(2-(5H-(1,2,4)triazino(5,6-b)indol-3-ylthio)butanoyl)-10H-phenothiazine results in decreased activity of SIRT1 protein",decreases^activity,24296261
10-(2-pyrazolylethoxy)camptothecin,C534422,,CASP3,836,protein,Homo sapiens,9606,10-(2-pyrazolylethoxy)camptothecin results in increased activity of CASP3 protein,increases^activity,18708040
10-(2-pyrazolylethoxy)camptothecin,C534422,,CASP8,841,protein,Homo sapiens,9606,10-(2-pyrazolylethoxy)camptothecin results in increased activity of CASP8 protein,increases^activity,18708040
103D5R,C496879,,AKT1,207,protein,Homo sapiens,9606,103D5R results in decreased phosphorylation of AKT1 protein,decreases^phosphorylation,15695405
103D5R,C496879,,HIF1A,3091,protein,Homo sapiens,9606,103D5R inhibits the reaction [cobaltous chloride results in increased expression of HIF1A protein],decreases^reaction|increases^expression,15695405
103D5R,C496879,,HIF1A,3091,protein,Homo sapiens,9606,103D5R results in decreased expression of and results in decreased activity of HIF1A protein,decreases^activity|decreases^expression,15695405
103D5R,C496879,,HIF1A,3091,mRNA,Homo sapiens,9606,103D5R results in decreased expression of HIF1A mRNA,decreases^expression,15695405
103D5R,C496879,,MAPK1,5594,protein,Homo sapiens,9606,103D5R results in decreased phosphorylation of MAPK1 protein,decreases^phosphorylation,15695405
103D5R,C496879,,MAPK3,5595,protein,Homo sapiens,9606,103D5R results in decreased phosphorylation of MAPK3 protein,decreases^phosphorylation,15695405
103D5R,C496879,,MAPK8,5599,protein,Homo sapiens,9606,103D5R results in decreased phosphorylation of MAPK8 protein,decreases^phosphorylation,15695405
103D5R,C496879,,SLC2A1,6513,mRNA,Homo sapiens,9606,103D5R results in decreased expression of SLC2A1 mRNA,decreases^expression,15695405
103D5R,C496879,,VEGFA,7422,mRNA,Homo sapiens,9606,103D5R results in decreased expression of VEGFA mRNA,decreases^expression,15695405
10-(4'-(N-diethylamino)butyl)-2-chlorophenoxazine,C553100,,GP1BA,2811,protein,Homo sapiens,9606,10-(4'-(N-diethylamino)butyl)-2-chlorophenoxazine inhibits the reaction [Tetradecanoylphorbol Acetate results in increased expression of GP1BA protein],decreases^reaction|increases^expression,20523355
10-(4'-(N-diethylamino)butyl)-2-chlorophenoxazine,C553100,,GP1BA,2811,protein,Homo sapiens,9606,10-(4'-(N-diethylamino)butyl)-2-chlorophenoxazine inhibits the reaction [THPO protein results in increased expression of GP1BA protein],decreases^reaction|increases^expression,20523355
10-(4'-(N-diethylamino)butyl)-2-chlorophenoxazine,C553100,,GYPA,2993,protein,Homo sapiens,9606,10-(4'-(N-diethylamino)butyl)-2-chlorophenoxazine inhibits the reaction [Tetradecanoylphorbol Acetate results in decreased expression of GYPA protein],decreases^expression|decreases^reaction,20523355
10-(4'-(N-diethylamino)butyl)-2-chlorophenoxazine,C553100,,ITGA2B,3674,protein,Homo sapiens,9606,10-(4'-(N-diethylamino)butyl)-2-chlorophenoxazine inhibits the reaction [Tetradecanoylphorbol Acetate results in increased expression of ITGA2B protein],decreases^reaction|increases^expression,20523355
10-(4'-(N-diethylamino)butyl)-2-chlorophenoxazine,C553100,,ITGA2B,3674,protein,Homo sapiens,9606,10-(4'-(N-diethylamino)butyl)-2-chlorophenoxazine inhibits the reaction [THPO protein results in increased expression of ITGA2B protein],decreases^reaction|increases^expression,20523355
10-(4'-(N-diethylamino)butyl)-2-chlorophenoxazine,C553100,,ITGB3,3690,protein,Homo sapiens,9606,10-(4'-(N-diethylamino)butyl)-2-chlorophenoxazine inhibits the reaction [Tetradecanoylphorbol Acetate results in increased expression of ITGB3 protein],decreases^reaction|increases^expression,20523355
10-(4'-(N-diethylamino)butyl)-2-chlorophenoxazine,C553100,,ITGB3,3690,protein,Homo sapiens,9606,10-(4'-(N-diethylamino)butyl)-2-chlorophenoxazine inhibits the reaction [THPO protein results in increased expression of ITGB3 protein],decreases^reaction|increases^expression,20523355
10-(4'-(N-diethylamino)butyl)-2-chlorophenoxazine,C553100,,TFEB,7942,protein,Homo sapiens,9606,10-(4'-(N-diethylamino)butyl)-2-chlorophenoxazine affects the localization of TFEB protein,affects^localization,28366621
10-(4'-(N-diethylamino)butyl)-2-chlorophenoxazine,C553100,,THPO,7066,protein,Homo sapiens,9606,10-(4'-(N-diethylamino)butyl)-2-chlorophenoxazine inhibits the reaction [THPO protein results in increased expression of GP1BA protein],decreases^reaction|increases^expression,20523355
10-(4'-(N-diethylamino)butyl)-2-chlorophenoxazine,C553100,,THPO,7066,protein,Homo sapiens,9606,10-(4'-(N-diethylamino)butyl)-2-chlorophenoxazine inhibits the reaction [THPO protein results in increased expression of ITGA2B protein],decreases^reaction|increases^expression,20523355
10-(4'-(N-diethylamino)butyl)-2-chlorophenoxazine,C553100,,THPO,7066,protein,Homo sapiens,9606,10-(4'-(N-diethylamino)butyl)-2-chlorophenoxazine inhibits the reaction [THPO protein results in increased expression of ITGB3 protein],decreases^reaction|increases^expression,20523355
10-(6'-ubiquinonyl)decyltriphenylphosphonium bromide,C476756,,BAX,581,protein,Mus musculus,10090,10-(6'-ubiquinonyl)decyltriphenylphosphonium bromide inhibits the reaction [triptolide results in increased expression of BAX protein],decreases^reaction|increases^expression,30836114
10-(6'-ubiquinonyl)decyltriphenylphosphonium bromide,C476756,,CASP3,836,protein,Mus musculus,10090,10-(6'-ubiquinonyl)decyltriphenylphosphonium bromide inhibits the reaction [triptolide results in increased cleavage of CASP3 protein],decreases^reaction|increases^cleavage,30836114
10-(6'-ubiquinonyl)decyltriphenylphosphonium bromide,C476756,,CASP3,836,protein,Rattus norvegicus,10116,10-(6'-ubiquinonyl)decyltriphenylphosphonium bromide inhibits the reaction [Dichlorvos results in increased activity of CASP3 protein],decreases^reaction|increases^activity,21784090
10-(6'-ubiquinonyl)decyltriphenylphosphonium bromide,C476756,,CLDN11,5010,mRNA,Mus musculus,10090,10-(6'-ubiquinonyl)decyltriphenylphosphonium bromide inhibits the reaction [triptolide results in decreased expression of CLDN11 mRNA],decreases^expression|decreases^reaction,30836114
10-(6'-ubiquinonyl)decyltriphenylphosphonium bromide,C476756,,CLDN11,5010,protein,Mus musculus,10090,10-(6'-ubiquinonyl)decyltriphenylphosphonium bromide inhibits the reaction [triptolide results in decreased expression of CLDN11 protein],decreases^expression|decreases^reaction,30836114
10-(6'-ubiquinonyl)decyltriphenylphosphonium bromide,C476756,,CYCS,54205,protein,Rattus norvegicus,10116,10-(6'-ubiquinonyl)decyltriphenylphosphonium bromide inhibits the reaction [Dichlorvos affects the localization of CYCS protein],affects^localization|decreases^reaction,21784090
10-(6'-ubiquinonyl)decyltriphenylphosphonium bromide,C476756,,DNM1L,10059,protein,Mus musculus,10090,10-(6'-ubiquinonyl)decyltriphenylphosphonium bromide inhibits the reaction [triptolide results in decreased expression of DNM1L protein],decreases^expression|decreases^reaction,30836114
10-(6'-ubiquinonyl)decyltriphenylphosphonium bromide,C476756,,GJA1,2697,mRNA,Mus musculus,10090,10-(6'-ubiquinonyl)decyltriphenylphosphonium bromide inhibits the reaction [triptolide results in decreased expression of GJA1 mRNA],decreases^expression|decreases^reaction,30836114
10-(6'-ubiquinonyl)decyltriphenylphosphonium bromide,C476756,,GJA1,2697,protein,Mus musculus,10090,10-(6'-ubiquinonyl)decyltriphenylphosphonium bromide inhibits the reaction [triptolide results in decreased expression of GJA1 protein],decreases^expression|decreases^reaction,30836114
10-(6'-ubiquinonyl)decyltriphenylphosphonium bromide,C476756,,HMOX1,3162,mRNA,Mus musculus,10090,10-(6'-ubiquinonyl)decyltriphenylphosphonium bromide inhibits the reaction [triptolide results in decreased expression of HMOX1 mRNA],decreases^expression|decreases^reaction,30836114
10-(6'-ubiquinonyl)decyltriphenylphosphonium bromide,C476756,,HMOX1,3162,protein,Mus musculus,10090,10-(6'-ubiquinonyl)decyltriphenylphosphonium bromide inhibits the reaction [triptolide results in decreased expression of HMOX1 protein],decreases^expression|decreases^reaction,30836114
10-(6'-ubiquinonyl)decyltriphenylphosphonium bromide,C476756,,MFN2,9927,protein,Mus musculus,10090,10-(6'-ubiquinonyl)decyltriphenylphosphonium bromide inhibits the reaction [triptolide results in decreased expression of MFN2 protein],decreases^expression|decreases^reaction,30836114
10-(6'-ubiquinonyl)decyltriphenylphosphonium bromide,C476756,,NFE2L2,4780,protein,Mus musculus,10090,10-(6'-ubiquinonyl)decyltriphenylphosphonium bromide inhibits the reaction [triptolide results in decreased expression of and affects the localization of NFE2L2 protein],affects^localization|decreases^expression|decreases^reaction,30836114
10-(6'-ubiquinonyl)decyltriphenylphosphonium bromide,C476756,,NOS2,4843,protein,,,10-(6'-ubiquinonyl)decyltriphenylphosphonium bromide inhibits the reaction [manganese chloride promotes the reaction [Lipopolysaccharides results in increased expression of NOS2 protein]],decreases^reaction|increases^expression|increases^reaction,15010209
10-(6'-ubiquinonyl)decyltriphenylphosphonium bromide,C476756,,NQO1,1728,mRNA,Mus musculus,10090,10-(6'-ubiquinonyl)decyltriphenylphosphonium bromide inhibits the reaction [triptolide results in decreased expression of NQO1 mRNA],decreases^expression|decreases^reaction,30836114
10-(6'-ubiquinonyl)decyltriphenylphosphonium bromide,C476756,,NQO1,1728,protein,Mus musculus,10090,10-(6'-ubiquinonyl)decyltriphenylphosphonium bromide inhibits the reaction [triptolide results in decreased expression of NQO1 protein],decreases^expression|decreases^reaction,30836114
10-(6'-ubiquinonyl)decyltriphenylphosphonium bromide,C476756,,OCLN,100506658,mRNA,Mus musculus,10090,10-(6'-ubiquinonyl)decyltriphenylphosphonium bromide inhibits the reaction [triptolide results in decreased expression of OCLN mRNA],decreases^expression|decreases^reaction,30836114
10-(6'-ubiquinonyl)decyltriphenylphosphonium bromide,C476756,,OCLN,100506658,protein,Mus musculus,10090,10-(6'-ubiquinonyl)decyltriphenylphosphonium bromide inhibits the reaction [triptolide results in decreased expression of OCLN protein],decreases^expression|decreases^reaction,30836114
10-(6'-ubiquinonyl)decyltriphenylphosphonium bromide,C476756,,PARP1,142,protein,Mus musculus,10090,10-(6'-ubiquinonyl)decyltriphenylphosphonium bromide inhibits the reaction [triptolide results in increased cleavage of PARP1 protein],decreases^reaction|increases^cleavage,30836114
10-(6'-ubiquinonyl)decyltriphenylphosphonium bromide,C476756,,PPARGC1A,10891,protein,Rattus norvegicus,10116,10-(6'-ubiquinonyl)decyltriphenylphosphonium bromide inhibits the reaction [SOD2 mutant form results in increased expression of PPARGC1A protein],decreases^reaction|increases^expression,24563852
10-(6'-ubiquinonyl)decyltriphenylphosphonium bromide,C476756,,SOD2,6648,mRNA|protein,Homo sapiens,9606,10-(6'-ubiquinonyl)decyltriphenylphosphonium bromide inhibits the reaction [SOD2 protein results in increased expression of SOD2 mRNA],decreases^reaction|increases^expression,15683720|15683720
10-(6'-ubiquinonyl)decyltriphenylphosphonium bromide,C476756,,SOD2,6648,protein,Homo sapiens,9606,10-(6'-ubiquinonyl)decyltriphenylphosphonium bromide inhibits the reaction [SOD2 protein results in increased expression of TXN2 mRNA],decreases^reaction|increases^expression,15683720
10-(6'-ubiquinonyl)decyltriphenylphosphonium bromide,C476756,,SOD2,6648,protein,Homo sapiens,9606,10-(6'-ubiquinonyl)decyltriphenylphosphonium bromide results in decreased susceptibility to SOD2 protein,decreases^response to substance,15683720
10-(6'-ubiquinonyl)decyltriphenylphosphonium bromide,C476756,,SOD2,6648,mutant form,Rattus norvegicus,10116,10-(6'-ubiquinonyl)decyltriphenylphosphonium bromide inhibits the reaction [SOD2 mutant form results in increased expression of PPARGC1A protein],decreases^reaction|increases^expression,24563852
10-(6'-ubiquinonyl)decyltriphenylphosphonium bromide,C476756,,SOD2,6648,mutant form,Rattus norvegicus,10116,10-(6'-ubiquinonyl)decyltriphenylphosphonium bromide inhibits the reaction [SOD2 mutant form results in increased expression of UQCRC2 protein],decreases^reaction|increases^expression,24563852
10-(6'-ubiquinonyl)decyltriphenylphosphonium bromide,C476756,,SOD2,6648,protein,Rattus norvegicus,10116,10-(6'-ubiquinonyl)decyltriphenylphosphonium bromide results in increased expression of SOD2 protein,increases^expression,21784090
10-(6'-ubiquinonyl)decyltriphenylphosphonium bromide,C476756,,SOD2,6648,protein,Rattus norvegicus,10116,[10-(6'-ubiquinonyl)decyltriphenylphosphonium bromide results in increased expression of SOD2 protein] which results in decreased susceptibility to Dichlorvos,decreases^response to substance|increases^expression,21784090
10-(6'-ubiquinonyl)decyltriphenylphosphonium bromide,C476756,,TJP1,7082,mRNA,Mus musculus,10090,10-(6'-ubiquinonyl)decyltriphenylphosphonium bromide inhibits the reaction [triptolide results in decreased expression of TJP1 mRNA],decreases^expression|decreases^reaction,30836114
10-(6'-ubiquinonyl)decyltriphenylphosphonium bromide,C476756,,TJP1,7082,protein,Mus musculus,10090,10-(6'-ubiquinonyl)decyltriphenylphosphonium bromide inhibits the reaction [triptolide results in decreased expression of TJP1 protein],decreases^expression|decreases^reaction,30836114
10-(6'-ubiquinonyl)decyltriphenylphosphonium bromide,C476756,,TXN2,25828,mRNA,Homo sapiens,9606,10-(6'-ubiquinonyl)decyltriphenylphosphonium bromide inhibits the reaction [SOD2 protein results in increased expression of TXN2 mRNA],decreases^reaction|increases^expression,15683720
10-(6'-ubiquinonyl)decyltriphenylphosphonium bromide,C476756,,UQCRC2,7385,protein,Rattus norvegicus,10116,10-(6'-ubiquinonyl)decyltriphenylphosphonium bromide inhibits the reaction [SOD2 mutant form results in increased expression of UQCRC2 protein],decreases^reaction|increases^expression,24563852
10-(alpha-diethylaminopropionyl)phenothiazine,C013759,63834-04-8,HAMP,57817,mRNA,Homo sapiens,9606,10-(alpha-diethylaminopropionyl)phenothiazine results in decreased expression of HAMP mRNA,decreases^expression,25633564
10-deacetylpaclitaxel,C095360,,ABCB1,5243,protein,Homo sapiens,9606,10-deacetylpaclitaxel binds to ABCB1 protein,affects^binding,29625142
10-decarbamoylmitomycin C,C067795,26909-37-5,CASP3,836,protein,Homo sapiens,9606,10-decarbamoylmitomycin C results in increased activity of CASP3 protein,increases^activity,17530733
10-decarbamoylmitomycin C,C067795,26909-37-5,CASP9,842,protein,Homo sapiens,9606,10-decarbamoylmitomycin C results in increased activity of CASP9 protein,increases^activity,17530733
10-decarbamoylmitomycin C,C067795,26909-37-5,CDKN1A,1026,mRNA,Homo sapiens,9606,[10-decarbamoylmitomycin C results in increased stability of TP53 protein] which results in increased expression of CDKN1A mRNA,increases^expression|increases^stability,20536192
10-decarbamoylmitomycin C,C067795,26909-37-5,CHEK1,1111,protein,Homo sapiens,9606,10-decarbamoylmitomycin C results in decreased expression of and results in decreased stability of CHEK1 protein,decreases^expression|decreases^stability,20536192
10-decarbamoylmitomycin C,C067795,26909-37-5,CHEK1,1111,mRNA,Homo sapiens,9606,10-decarbamoylmitomycin C results in decreased expression of CHEK1 mRNA,decreases^expression,20536192
10-decarbamoylmitomycin C,C067795,26909-37-5,CHEK1,1111,protein,Homo sapiens,9606,10-decarbamoylmitomycin C results in decreased expression of CHEK1 protein,decreases^expression,17530733
10-decarbamoylmitomycin C,C067795,26909-37-5,CHEK1,1111,protein,Homo sapiens,9606,carbobenzoxy-leucyl-leucyl-norvalinal inhibits the reaction [10-decarbamoylmitomycin C results in decreased expression of CHEK1 protein],decreases^expression|decreases^reaction,20536192
10-decarbamoylmitomycin C,C067795,26909-37-5,CHEK1,1111,protein,Homo sapiens,9606,CHEK1 protein affects the susceptibility to 10-decarbamoylmitomycin C,affects^response to substance,20536192
10-decarbamoylmitomycin C,C067795,26909-37-5,TP53,7157,protein,Homo sapiens,9606,10-decarbamoylmitomycin C results in increased stability of TP53 protein,increases^stability,20536192
10-decarbamoylmitomycin C,C067795,26909-37-5,TP53,7157,protein,Homo sapiens,9606,[10-decarbamoylmitomycin C results in increased stability of TP53 protein] which results in increased expression of CDKN1A mRNA,increases^expression|increases^stability,20536192
10-(fluoroethoxyphosphinyl)-N-(biotinamidopentyl)decanamide,C403065,,ACHE,43,protein,Mus musculus,10090,10-(fluoroethoxyphosphinyl)-N-(biotinamidopentyl)decanamide results in decreased activity of ACHE protein,decreases^activity,15525694
10-(fluoroethoxyphosphinyl)-N-(biotinamidopentyl)decanamide,C403065,,ACTA1,58,protein,Bos taurus,9913,10-(fluoroethoxyphosphinyl)-N-(biotinamidopentyl)decanamide binds to ACTA1 protein,affects^binding,19539807
10-(fluoroethoxyphosphinyl)-N-(biotinamidopentyl)decanamide,C403065,,ALB,213,protein,Mus musculus,10090,10-(fluoroethoxyphosphinyl)-N-(biotinamidopentyl)decanamide binds to ALB protein,affects^binding,15525694
10-(fluoroethoxyphosphinyl)-N-(biotinamidopentyl)decanamide,C403065,,ATP5B,11947,protein,Mus musculus,10090,10-(fluoroethoxyphosphinyl)-N-(biotinamidopentyl)decanamide binds to ATP5B protein,affects^binding,19539807
10-(fluoroethoxyphosphinyl)-N-(biotinamidopentyl)decanamide,C403065,,AZGP1,563,protein,Homo sapiens,9606,10-(fluoroethoxyphosphinyl)-N-(biotinamidopentyl)decanamide binds to AZGP1 protein,affects^binding,19539807
10-(fluoroethoxyphosphinyl)-N-(biotinamidopentyl)decanamide,C403065,,BCHE,590,protein,Mus musculus,10090,10-(fluoroethoxyphosphinyl)-N-(biotinamidopentyl)decanamide results in decreased activity of BCHE protein,decreases^activity,15525694
10-(fluoroethoxyphosphinyl)-N-(biotinamidopentyl)decanamide,C403065,,CTRB2,440387,protein,Bos taurus,9913,10-(fluoroethoxyphosphinyl)-N-(biotinamidopentyl)decanamide binds to CTRB2 protein,affects^binding,19539807
10-(fluoroethoxyphosphinyl)-N-(biotinamidopentyl)decanamide,C403065,,ES1,30237,protein,Mus musculus,10090,10-(fluoroethoxyphosphinyl)-N-(biotinamidopentyl)decanamide binds to ES1 protein,affects^binding,15525694
10-(fluoroethoxyphosphinyl)-N-(biotinamidopentyl)decanamide,C403065,,KIF3C,3797,protein,Homo sapiens,9606,10-(fluoroethoxyphosphinyl)-N-(biotinamidopentyl)decanamide binds to KIF3C protein,affects^binding,19539807
10-(fluoroethoxyphosphinyl)-N-(biotinamidopentyl)decanamide,C403065,,KRT1,3848,protein,Homo sapiens,9606,10-(fluoroethoxyphosphinyl)-N-(biotinamidopentyl)decanamide binds to KRT1 protein,affects^binding,19539807
10-(fluoroethoxyphosphinyl)-N-(biotinamidopentyl)decanamide,C403065,,SLC25A4,291,protein,Mus musculus,10090,10-(fluoroethoxyphosphinyl)-N-(biotinamidopentyl)decanamide binds to SLC25A4 protein,affects^binding,19539807
10-(fluoroethoxyphosphinyl)-N-(biotinamidopentyl)decanamide,C403065,,TF,7018,protein,Homo sapiens,9606,10-(fluoroethoxyphosphinyl)-N-(biotinamidopentyl)decanamide binds to TF protein,affects^binding,18930948
10-(fluoroethoxyphosphinyl)-N-(biotinamidopentyl)decanamide,C403065,,TRF,22041,protein,Mus musculus,10090,10-(fluoroethoxyphosphinyl)-N-(biotinamidopentyl)decanamide binds to TRF protein,affects^binding,18930948
10-formyltetrahydropteroylglutamic acid,C010161,2800-34-2,ALDH1L2,160428,protein,Homo sapiens,9606,ALDH1L2 protein results in increased metabolism of 10-formyltetrahydropteroylglutamic acid,increases^metabolic processing,21238436
10-hydroxycamptothecin,C028098,67656-30-8,BCL2,596,protein,Homo sapiens,9606,BCL2 protein affects the susceptibility to 10-hydroxycamptothecin,affects^response to substance,16603448
10-hydroxycamptothecin,C028098,67656-30-8,BCL2L1,598,protein,Homo sapiens,9606,BCL2L1 protein affects the susceptibility to 10-hydroxycamptothecin,affects^response to substance,17033717
10-hydroxycamptothecin,C028098,67656-30-8,CASP3,836,protein,Homo sapiens,9606,[10-hydroxycamptothecin co-treated with Fluorouracil co-treated with Leucovorin] results in increased activity of CASP3 protein,affects^cotreatment|increases^activity,12934351
10-hydroxycamptothecin,C028098,67656-30-8,DDIT3,1649,mRNA,Cricetinae,10026,10-hydroxycamptothecin results in increased expression of DDIT3 mRNA,increases^expression,19013231
10-hydroxycamptothecin,C028098,67656-30-8,MDM2,4193,protein,Homo sapiens,9606,MDM2 protein affects the susceptibility to 10-hydroxycamptothecin,affects^response to substance,13130078
10-hydroxynortriptyline,C013567,1156-99-6,CYP2D6,1565,gene,Homo sapiens,9606,CYP2D6 gene mutant form results in increased abundance of 10-hydroxynortriptyline,increases^abundance,11673748
10-hydroxynortriptyline,C013567,1156-99-6,CYP2D6,1565,gene,Homo sapiens,9606,Paroxetine inhibits the reaction [CYP2D6 gene mutant form results in increased abundance of 10-hydroxynortriptyline],decreases^reaction|increases^abundance,11673748
10-hydroxynortriptyline,C013567,1156-99-6,CYP2D6,1565,,,,CYP2D6 affects the chemical synthesis of 10-hydroxynortriptyline,affects^chemical synthesis,18359183
10-hydroxywarfarin,C065719,83219-99-2,CYP2C9,1559,protein,Homo sapiens,9606,10-hydroxywarfarin binds to and results in decreased activity of CYP2C9 protein,affects^binding|decreases^activity,20429590
10-hydroxywarfarin,C065719,83219-99-2,CYP2C9,1559,mRNA,Homo sapiens,9606,[10-hydroxywarfarin binds to and results in increased activity of NR1I2 protein] which results in increased expression of CYP2C9 mRNA,affects^binding|increases^activity|increases^expression,20735727
10-hydroxywarfarin,C065719,83219-99-2,CYP2C9,1559,protein,Homo sapiens,9606,10-hydroxywarfarin inhibits the reaction [[CYP2C9 protein results in increased hydroxylation of Warfarin] which results in increased chemical synthesis of 7-hydroxywarfarin],decreases^reaction|increases^chemical synthesis|increases^hydroxylation,20429590
10-hydroxywarfarin,C065719,83219-99-2,CYP2C9,1559,gene,Homo sapiens,9606,[CYP2C9 gene polymorphism affects the metabolism of Warfarin] which affects the abundance of 10-hydroxywarfarin,affects^abundance|affects^metabolic processing,27539372
10-hydroxywarfarin,C065719,83219-99-2,CYP3A4,1576,mRNA,Homo sapiens,9606,[10-hydroxywarfarin binds to and results in increased activity of NR1I2 protein] which results in increased expression of CYP3A4 mRNA,affects^binding|increases^activity|increases^expression,20735727
10-hydroxywarfarin,C065719,83219-99-2,CYP3A4,1576,protein,Homo sapiens,9606,CYP3A4 protein affects the chemical synthesis of 10-hydroxywarfarin,affects^chemical synthesis,16035367
10-hydroxywarfarin,C065719,83219-99-2,CYP3A4,1576,protein,,,CYP3A4 protein results in increased chemical synthesis of 10-hydroxywarfarin,increases^chemical synthesis,20429590
10-hydroxywarfarin,C065719,83219-99-2,NR1I2,8856,protein,Homo sapiens,9606,10-hydroxywarfarin binds to and results in increased activity of NR1I2 protein,affects^binding|increases^activity,20735727
10-hydroxywarfarin,C065719,83219-99-2,NR1I2,8856,protein,Homo sapiens,9606,[10-hydroxywarfarin binds to and results in increased activity of NR1I2 protein] which results in increased expression of CYP2C9 mRNA,affects^binding|increases^activity|increases^expression,20735727
10-hydroxywarfarin,C065719,83219-99-2,NR1I2,8856,protein,Homo sapiens,9606,[10-hydroxywarfarin binds to and results in increased activity of NR1I2 protein] which results in increased expression of CYP3A4 mRNA,affects^binding|increases^activity|increases^expression,20735727
10-hydroxywarfarin,C065719,83219-99-2,UGT2B7,7364,protein,Homo sapiens,9606,10-hydroxywarfarin binds to and results in decreased activity of UGT2B7 protein,affects^binding|decreases^activity,25393417
10-hydroxywarfarin,C065719,83219-99-2,UGT2B7,7364,protein,Homo sapiens,9606,[10-hydroxywarfarin binds to and results in decreased activity of UGT2B7 protein] which results in decreased glucuronidation of Zidovudine,affects^binding|decreases^activity|decreases^glucuronidation,25393417
10-hydroxywarfarin,C065719,83219-99-2,UGT2B7,7364,protein,Homo sapiens,9606,10-hydroxywarfarin inhibits the reaction [UGT2B7 protein results in increased glucuronidation of Zidovudine],decreases^reaction|increases^glucuronidation,25393417
"10-methoxy-2,2-dimethyl-2,6-dihydropyrano(3,2-c)quinolin-5-one",C554291,,BAX,581,protein,Homo sapiens,9606,"10-methoxy-2,2-dimethyl-2,6-dihydropyrano(3,2-c)quinolin-5-one affects the localization of BAX protein",affects^localization,20833157
"10-methoxy-2,2-dimethyl-2,6-dihydropyrano(3,2-c)quinolin-5-one",C554291,,BCL2,596,protein,Homo sapiens,9606,"10-methoxy-2,2-dimethyl-2,6-dihydropyrano(3,2-c)quinolin-5-one results in decreased expression of BCL2 protein",decreases^expression,20833157
"10-methoxy-2,2-dimethyl-2,6-dihydropyrano(3,2-c)quinolin-5-one",C554291,,BCL2,596,protein,Homo sapiens,9606,"CASP8 protein affects the susceptibility to [10-methoxy-2,2-dimethyl-2,6-dihydropyrano(3,2-c)quinolin-5-one results in decreased expression of BCL2 protein]",affects^response to substance|decreases^expression,20833157
"10-methoxy-2,2-dimethyl-2,6-dihydropyrano(3,2-c)quinolin-5-one",C554291,,BCL2L1,598,protein,Homo sapiens,9606,"10-methoxy-2,2-dimethyl-2,6-dihydropyrano(3,2-c)quinolin-5-one results in decreased expression of BCL2L1 protein",decreases^expression,20833157
"10-methoxy-2,2-dimethyl-2,6-dihydropyrano(3,2-c)quinolin-5-one",C554291,,BCL2L1,598,protein,Homo sapiens,9606,"CASP8 protein affects the susceptibility to [10-methoxy-2,2-dimethyl-2,6-dihydropyrano(3,2-c)quinolin-5-one results in decreased expression of BCL2L1 protein]",affects^response to substance|decreases^expression,20833157
"10-methoxy-2,2-dimethyl-2,6-dihydropyrano(3,2-c)quinolin-5-one",C554291,,BID,637,protein,Homo sapiens,9606,"10-methoxy-2,2-dimethyl-2,6-dihydropyrano(3,2-c)quinolin-5-one affects the localization of BID protein",affects^localization,20833157
"10-methoxy-2,2-dimethyl-2,6-dihydropyrano(3,2-c)quinolin-5-one",C554291,,BID,637,protein,Homo sapiens,9606,"10-methoxy-2,2-dimethyl-2,6-dihydropyrano(3,2-c)quinolin-5-one affects the localization of BID protein alternative form",affects^localization,20833157
"10-methoxy-2,2-dimethyl-2,6-dihydropyrano(3,2-c)quinolin-5-one",C554291,,BID,637,protein,Homo sapiens,9606,"CASP8 protein affects the susceptibility to [10-methoxy-2,2-dimethyl-2,6-dihydropyrano(3,2-c)quinolin-5-one affects the localization of BID protein alternative form]",affects^localization|affects^response to substance,20833157
"10-methoxy-2,2-dimethyl-2,6-dihydropyrano(3,2-c)quinolin-5-one",C554291,,CASP3,836,protein,Homo sapiens,9606,"10-methoxy-2,2-dimethyl-2,6-dihydropyrano(3,2-c)quinolin-5-one inhibits the reaction [XIAP protein binds to CASP3 protein]",affects^binding|decreases^reaction,20833157
"10-methoxy-2,2-dimethyl-2,6-dihydropyrano(3,2-c)quinolin-5-one",C554291,,CASP3,836,protein,Homo sapiens,9606,"10-methoxy-2,2-dimethyl-2,6-dihydropyrano(3,2-c)quinolin-5-one results in increased activity of and results in increased cleavage of CASP3 protein",increases^activity|increases^cleavage,20833157
"10-methoxy-2,2-dimethyl-2,6-dihydropyrano(3,2-c)quinolin-5-one",C554291,,CASP3,836,protein,Homo sapiens,9606,"[benzoylcarbonyl-aspartyl-glutamyl-valyl-aspartyl-fluoromethyl ketone results in decreased activity of CASP3 protein] which results in decreased susceptibility to 10-methoxy-2,2-dimethyl-2,6-dihydropyrano(3,2-c)quinolin-5-one",decreases^activity|decreases^response to substance,20833157
"10-methoxy-2,2-dimethyl-2,6-dihydropyrano(3,2-c)quinolin-5-one",C554291,,CASP3,836,protein,Homo sapiens,9606,"CASP8 protein affects the susceptibility to [10-methoxy-2,2-dimethyl-2,6-dihydropyrano(3,2-c)quinolin-5-one results in increased activity of CASP3 protein]",affects^response to substance|increases^activity,20833157
"10-methoxy-2,2-dimethyl-2,6-dihydropyrano(3,2-c)quinolin-5-one",C554291,,CASP8,841,protein,Homo sapiens,9606,"10-methoxy-2,2-dimethyl-2,6-dihydropyrano(3,2-c)quinolin-5-one inhibits the reaction [FADD protein binds to CASP8 protein]",affects^binding|decreases^reaction,20833157
"10-methoxy-2,2-dimethyl-2,6-dihydropyrano(3,2-c)quinolin-5-one",C554291,,CASP8,841,protein,Homo sapiens,9606,"10-methoxy-2,2-dimethyl-2,6-dihydropyrano(3,2-c)quinolin-5-one results in increased activity of and results in increased cleavage of CASP8 protein",increases^activity|increases^cleavage,20833157
"10-methoxy-2,2-dimethyl-2,6-dihydropyrano(3,2-c)quinolin-5-one",C554291,,CASP8,841,protein,Homo sapiens,9606,"CASP8 protein affects the susceptibility to 10-methoxy-2,2-dimethyl-2,6-dihydropyrano(3,2-c)quinolin-5-one",affects^response to substance,20833157
"10-methoxy-2,2-dimethyl-2,6-dihydropyrano(3,2-c)quinolin-5-one",C554291,,CASP8,841,protein,Homo sapiens,9606,"CASP8 protein affects the susceptibility to [10-methoxy-2,2-dimethyl-2,6-dihydropyrano(3,2-c)quinolin-5-one affects the localization of BID protein alternative form]",affects^localization|affects^response to substance,20833157
"10-methoxy-2,2-dimethyl-2,6-dihydropyrano(3,2-c)quinolin-5-one",C554291,,CASP8,841,protein,Homo sapiens,9606,"CASP8 protein affects the susceptibility to [10-methoxy-2,2-dimethyl-2,6-dihydropyrano(3,2-c)quinolin-5-one results in decreased expression of BCL2L1 protein]",affects^response to substance|decreases^expression,20833157
"10-methoxy-2,2-dimethyl-2,6-dihydropyrano(3,2-c)quinolin-5-one",C554291,,CASP8,841,protein,Homo sapiens,9606,"CASP8 protein affects the susceptibility to [10-methoxy-2,2-dimethyl-2,6-dihydropyrano(3,2-c)quinolin-5-one results in decreased expression of BCL2 protein]",affects^response to substance|decreases^expression,20833157
"10-methoxy-2,2-dimethyl-2,6-dihydropyrano(3,2-c)quinolin-5-one",C554291,,CASP8,841,protein,Homo sapiens,9606,"CASP8 protein affects the susceptibility to [10-methoxy-2,2-dimethyl-2,6-dihydropyrano(3,2-c)quinolin-5-one results in increased activity of CASP3 protein]",affects^response to substance|increases^activity,20833157
"10-methoxy-2,2-dimethyl-2,6-dihydropyrano(3,2-c)quinolin-5-one",C554291,,CASP8,841,protein,Homo sapiens,9606,"CASP8 protein affects the susceptibility to [10-methoxy-2,2-dimethyl-2,6-dihydropyrano(3,2-c)quinolin-5-one results in increased activity of CASP9 protein]",affects^response to substance|increases^activity,20833157
"10-methoxy-2,2-dimethyl-2,6-dihydropyrano(3,2-c)quinolin-5-one",C554291,,CASP9,842,protein,Homo sapiens,9606,"10-methoxy-2,2-dimethyl-2,6-dihydropyrano(3,2-c)quinolin-5-one inhibits the reaction [XIAP protein binds to CASP9 protein]",affects^binding|decreases^reaction,20833157
"10-methoxy-2,2-dimethyl-2,6-dihydropyrano(3,2-c)quinolin-5-one",C554291,,CASP9,842,protein,Homo sapiens,9606,"10-methoxy-2,2-dimethyl-2,6-dihydropyrano(3,2-c)quinolin-5-one results in increased activity of and results in increased cleavage of CASP9 protein",increases^activity|increases^cleavage,20833157
"10-methoxy-2,2-dimethyl-2,6-dihydropyrano(3,2-c)quinolin-5-one",C554291,,CASP9,842,protein,Homo sapiens,9606,"[benzyloxycarbonyl-leucyl-glutamyl-histidyl-aspartic acid fluoromethyl ketone results in decreased activity of CASP9 protein] which results in decreased susceptibility to 10-methoxy-2,2-dimethyl-2,6-dihydropyrano(3,2-c)quinolin-5-one",decreases^activity|decreases^response to substance,20833157
"10-methoxy-2,2-dimethyl-2,6-dihydropyrano(3,2-c)quinolin-5-one",C554291,,CASP9,842,protein,Homo sapiens,9606,"CASP8 protein affects the susceptibility to [10-methoxy-2,2-dimethyl-2,6-dihydropyrano(3,2-c)quinolin-5-one results in increased activity of CASP9 protein]",affects^response to substance|increases^activity,20833157
"10-methoxy-2,2-dimethyl-2,6-dihydropyrano(3,2-c)quinolin-5-one",C554291,,CYCS,54205,protein,Homo sapiens,9606,"10-methoxy-2,2-dimethyl-2,6-dihydropyrano(3,2-c)quinolin-5-one affects the localization of CYCS protein",affects^localization,20833157
"10-methoxy-2,2-dimethyl-2,6-dihydropyrano(3,2-c)quinolin-5-one",C554291,,DIABLO,56616,protein,Homo sapiens,9606,"10-methoxy-2,2-dimethyl-2,6-dihydropyrano(3,2-c)quinolin-5-one affects the localization of DIABLO protein",affects^localization,20833157
"10-methoxy-2,2-dimethyl-2,6-dihydropyrano(3,2-c)quinolin-5-one",C554291,,DIABLO,56616,protein,Homo sapiens,9606,"10-methoxy-2,2-dimethyl-2,6-dihydropyrano(3,2-c)quinolin-5-one promotes the reaction [XIAP protein binds to DIABLO protein]",affects^binding|increases^reaction,20833157
"10-methoxy-2,2-dimethyl-2,6-dihydropyrano(3,2-c)quinolin-5-one",C554291,,FADD,8772,protein,Homo sapiens,9606,"10-methoxy-2,2-dimethyl-2,6-dihydropyrano(3,2-c)quinolin-5-one inhibits the reaction [FADD protein binds to CASP8 protein]",affects^binding|decreases^reaction,20833157
"10-methoxy-2,2-dimethyl-2,6-dihydropyrano(3,2-c)quinolin-5-one",C554291,,FAS,355,protein,Homo sapiens,9606,"10-methoxy-2,2-dimethyl-2,6-dihydropyrano(3,2-c)quinolin-5-one inhibits the reaction [FAS protein binds to FASLG protein]",affects^binding|decreases^reaction,20833157
"10-methoxy-2,2-dimethyl-2,6-dihydropyrano(3,2-c)quinolin-5-one",C554291,,FASLG,356,protein,Homo sapiens,9606,"10-methoxy-2,2-dimethyl-2,6-dihydropyrano(3,2-c)quinolin-5-one inhibits the reaction [FAS protein binds to FASLG protein]",affects^binding|decreases^reaction,20833157
"10-methoxy-2,2-dimethyl-2,6-dihydropyrano(3,2-c)quinolin-5-one",C554291,,PARP1,142,protein,Homo sapiens,9606,"10-methoxy-2,2-dimethyl-2,6-dihydropyrano(3,2-c)quinolin-5-one results in increased cleavage of PARP1 protein",increases^cleavage,20833157
"10-methoxy-2,2-dimethyl-2,6-dihydropyrano(3,2-c)quinolin-5-one",C554291,,XIAP,331,protein,Homo sapiens,9606,"10-methoxy-2,2-dimethyl-2,6-dihydropyrano(3,2-c)quinolin-5-one inhibits the reaction [XIAP protein binds to CASP3 protein]",affects^binding|decreases^reaction,20833157
"10-methoxy-2,2-dimethyl-2,6-dihydropyrano(3,2-c)quinolin-5-one",C554291,,XIAP,331,protein,Homo sapiens,9606,"10-methoxy-2,2-dimethyl-2,6-dihydropyrano(3,2-c)quinolin-5-one inhibits the reaction [XIAP protein binds to CASP9 protein]",affects^binding|decreases^reaction,20833157
"10-methoxy-2,2-dimethyl-2,6-dihydropyrano(3,2-c)quinolin-5-one",C554291,,XIAP,331,protein,Homo sapiens,9606,"10-methoxy-2,2-dimethyl-2,6-dihydropyrano(3,2-c)quinolin-5-one promotes the reaction [XIAP protein binds to DIABLO protein]",affects^binding|increases^reaction,20833157
"10-methoxy-2,2-dimethyl-2,6-dihydropyrano(3,2-c)quinolin-5-one",C554291,,XIAP,331,protein,Homo sapiens,9606,"10-methoxy-2,2-dimethyl-2,6-dihydropyrano(3,2-c)quinolin-5-one results in decreased expression of XIAP protein",decreases^expression,20833157
"10-methoxy-5-(2-propenyl)-2,5-dihydro-2,2,4-trimethyl-1H-(1)benzopyrano(3,4-f)quinoline",C476829,,NR3C1,2908,protein,,,"10-methoxy-5-(2-propenyl)-2,5-dihydro-2,2,4-trimethyl-1H-(1)benzopyrano(3,4-f)quinoline analog binds to and affects the activity of NR3C1 protein",affects^activity|affects^binding,17553679
10-nitro-oleic acid,C521487,,ABCC1,4363,protein,Homo sapiens,9606,ABCC1 protein results in increased export of 10-nitro-oleic acid metabolite,increases^export,29158255
10-nitro-oleic acid,C521487,,ABCC1,4363,protein,Homo sapiens,9606,[Glutathione binds to 10-nitro-oleic acid] promotes the reaction [ABCC1 protein results in increased export of 10-nitro-oleic acid metabolite],affects^binding|increases^export|increases^reaction,29158255
10-nitro-oleic acid,C521487,,ABCC1,4363,protein,Homo sapiens,9606,[Probenecid results in decreased activity of ABCC1 protein] which results in decreased export of 10-nitro-oleic acid metabolite,decreases^activity|decreases^export,29158255
10-nitro-oleic acid,C521487,,AKT1,207,mRNA,Homo sapiens,9606,10-nitro-oleic acid results in decreased expression of AKT1 mRNA,decreases^expression,29158255
10-nitro-oleic acid,C521487,,AKT1,207,protein,Homo sapiens,9606,10-nitro-oleic acid results in increased activity of AKT1 protein,increases^activity,23845594
10-nitro-oleic acid,C521487,,ALDH3A1,218,mRNA,Homo sapiens,9606,10-nitro-oleic acid results in decreased expression of ALDH3A1 mRNA,decreases^expression,29158255
10-nitro-oleic acid,C521487,,BCL2L1,598,mRNA,Homo sapiens,9606,10-nitro-oleic acid results in decreased expression of BCL2L1 mRNA,decreases^expression,29158255
10-nitro-oleic acid,C521487,,CASP8,841,protein,Homo sapiens,9606,10-nitro-oleic acid results in increased cleavage of CASP8 protein,increases^cleavage,29158255
10-nitro-oleic acid,C521487,,CASP9,842,protein,Homo sapiens,9606,10-nitro-oleic acid results in increased cleavage of CASP9 protein,increases^cleavage,29158255
10-nitro-oleic acid,C521487,,CAV1,857,protein,Mus musculus,10090,10-nitro-oleic acid results in increased expression of CAV1 protein,increases^expression,24140437
10-nitro-oleic acid,C521487,,CCND1,595,mRNA,Homo sapiens,9606,10-nitro-oleic acid results in decreased expression of CCND1 mRNA,decreases^expression,29158255
10-nitro-oleic acid,C521487,,CCND1,595,protein,Homo sapiens,9606,10-nitro-oleic acid results in decreased expression of CCND1 protein,decreases^expression,29158255
10-nitro-oleic acid,C521487,,CCND1,595,protein,Homo sapiens,9606,Probenecid promotes the reaction [10-nitro-oleic acid results in decreased expression of CCND1 protein],decreases^expression|increases^reaction,29158255
10-nitro-oleic acid,C521487,,CDKN1A,1026,mRNA,Homo sapiens,9606,10-nitro-oleic acid results in increased expression of CDKN1A mRNA,increases^expression,29158255
10-nitro-oleic acid,C521487,,CDKN1A,1026,protein,Homo sapiens,9606,10-nitro-oleic acid results in increased expression of CDKN1A protein,increases^expression,29158255
10-nitro-oleic acid,C521487,,CDKN1A,1026,protein,Homo sapiens,9606,Probenecid promotes the reaction [10-nitro-oleic acid results in increased expression of CDKN1A protein],increases^expression|increases^reaction,29158255
10-nitro-oleic acid,C521487,,CHUK,1147,protein,Homo sapiens,9606,10-nitro-oleic acid inhibits the reaction [TNF protein results in increased expression of CHUK protein modified form],decreases^reaction|increases^expression,29158255
10-nitro-oleic acid,C521487,,EGFR,1956,mRNA,Homo sapiens,9606,10-nitro-oleic acid results in decreased expression of EGFR mRNA,decreases^expression,29158255
10-nitro-oleic acid,C521487,,GSTA3,2940,mRNA,Mus musculus,10090,10-nitro-oleic acid results in increased expression of GSTA3 mRNA,increases^expression,24140437
10-nitro-oleic acid,C521487,,GSTA4,2941,mRNA,Mus musculus,10090,10-nitro-oleic acid results in increased expression of GSTA4 mRNA,increases^expression,24140437
10-nitro-oleic acid,C521487,,HMOX1,3162,mRNA,Homo sapiens,9606,10-nitro-oleic acid results in increased expression of HMOX1 mRNA,increases^expression,23845594
10-nitro-oleic acid,C521487,,HMOX1,3162,protein,Homo sapiens,9606,10-nitro-oleic acid results in increased expression of HMOX1 protein,increases^expression,23845594
10-nitro-oleic acid,C521487,,HMOX1,3162,protein,Homo sapiens,9606,pyrazolanthrone inhibits the reaction [10-nitro-oleic acid results in increased expression of HMOX1 protein],decreases^reaction|increases^expression,23845594
10-nitro-oleic acid,C521487,,HMOX1,3162,protein,Homo sapiens,9606,SB 203580 inhibits the reaction [10-nitro-oleic acid results in increased expression of HMOX1 protein],decreases^reaction|increases^expression,23845594
10-nitro-oleic acid,C521487,,HMOX1,3162,protein,Homo sapiens,9606,Wortmannin inhibits the reaction [10-nitro-oleic acid results in increased expression of HMOX1 protein],decreases^reaction|increases^expression,23845594
10-nitro-oleic acid,C521487,,HMOX1,3162,mRNA,Mus musculus,10090,10-nitro-oleic acid results in increased expression of HMOX1 mRNA,increases^expression,24140437
10-nitro-oleic acid,C521487,,HMOX1,3162,protein,Mus musculus,10090,10-nitro-oleic acid results in increased expression of HMOX1 protein,increases^expression,24140437
10-nitro-oleic acid,C521487,,HMOX1,3162,protein,Mus musculus,10090,methyl-beta-cyclodextrin inhibits the reaction [10-nitro-oleic acid results in increased expression of HMOX1 protein],decreases^reaction|increases^expression,24140437
10-nitro-oleic acid,C521487,,HMOX1,3162,mRNA,Mus musculus,10090,pyrazolanthrone inhibits the reaction [10-nitro-oleic acid results in increased expression of HMOX1 mRNA],decreases^reaction|increases^expression,24140437
10-nitro-oleic acid,C521487,,HMOX1,3162,protein,Mus musculus,10090,pyrazolanthrone inhibits the reaction [10-nitro-oleic acid results in increased expression of HMOX1 protein],decreases^reaction|increases^expression,24140437
10-nitro-oleic acid,C521487,,HMOX1,3162,mRNA,Mus musculus,10090,SB 203580 inhibits the reaction [10-nitro-oleic acid results in increased expression of HMOX1 mRNA],decreases^reaction|increases^expression,24140437
10-nitro-oleic acid,C521487,,HMOX1,3162,protein,Mus musculus,10090,SB 203580 inhibits the reaction [10-nitro-oleic acid results in increased expression of HMOX1 protein],decreases^reaction|increases^expression,24140437
10-nitro-oleic acid,C521487,,HOX1,373356,protein,Homo sapiens,9606,10-nitro-oleic acid analog results in increased expression of HOX1 protein,increases^expression,23878198
10-nitro-oleic acid,C521487,,HOX1,373356,protein,Homo sapiens,9606,PTGR1 protein inhibits the reaction [10-nitro-oleic acid analog results in increased expression of HOX1 protein],decreases^reaction|increases^expression,23878198
10-nitro-oleic acid,C521487,,HOX1,373356,protein,Rattus norvegicus,10116,PTGR1 protein inhibits the reaction [10-nitro-oleic acid analog results in increased expression of HOX1 protein],decreases^reaction|increases^expression,23878198
10-nitro-oleic acid,C521487,,HSPB1,3315,mRNA,Mus musculus,10090,10-nitro-oleic acid results in increased expression of HSPB1 mRNA,increases^expression,24140437
10-nitro-oleic acid,C521487,,HSPB1,3315,protein,Mus musculus,10090,10-nitro-oleic acid results in increased expression of HSPB1 protein,increases^expression,24140437
10-nitro-oleic acid,C521487,,HSPB1,3315,protein,Mus musculus,10090,methyl-beta-cyclodextrin inhibits the reaction [10-nitro-oleic acid results in increased expression of HSPB1 protein],decreases^reaction|increases^expression,24140437
10-nitro-oleic acid,C521487,,HSPB1,3315,mRNA,Mus musculus,10090,pyrazolanthrone inhibits the reaction [10-nitro-oleic acid results in increased expression of HSPB1 mRNA],decreases^reaction|increases^expression,24140437
10-nitro-oleic acid,C521487,,HSPB1,3315,protein,Mus musculus,10090,pyrazolanthrone inhibits the reaction [10-nitro-oleic acid results in increased expression of HSPB1 protein],decreases^reaction|increases^expression,24140437
10-nitro-oleic acid,C521487,,ICAM1,3383,mRNA,Homo sapiens,9606,10-nitro-oleic acid inhibits the reaction [TNF protein results in increased expression of ICAM1 mRNA],decreases^reaction|increases^expression,29158255
10-nitro-oleic acid,C521487,,ICAM1,3383,mRNA,Homo sapiens,9606,10-nitro-oleic acid results in decreased expression of ICAM1 mRNA,decreases^expression,29158255
10-nitro-oleic acid,C521487,,IKBKB,3551,protein,Homo sapiens,9606,10-nitro-oleic acid inhibits the reaction [TNF protein results in increased phosphorylation of IKBKB protein],decreases^reaction|increases^phosphorylation,29158255
10-nitro-oleic acid,C521487,,IKBKB,3551,protein,Homo sapiens,9606,10-nitro-oleic acid results in increased alkylation of IKBKB protein,increases^alkylation,29158255
10-nitro-oleic acid,C521487,,MAPK1,5594,protein,Homo sapiens,9606,10-nitro-oleic acid results in increased activity of and results in increased phosphorylation of MAPK1 protein,increases^activity|increases^phosphorylation,23845594
